Customer_ID,Password,First_Name,Last_Name,DOB,Address,City,State,Postal_Code,Phone_Number,Email_Address,SSN,Admin_Account,Fax_Number
1,OBDRFd0,Paula,Ferguson,1/13/1983,1 Maywood Drive,Erie,Pennsylvania,16522,1-(814)683-3366,pferguson0@flickr.com,364-14-3418,0,1-(814)683-3367
2,sB01I5dhdhJ,Denise,Perkins,5/29/1956,977 Gateway Point,Prescott,Arizona,86305,1-(520)448-1016,dperkins1@cocolog-nifty.com,717-86-2210,1,1-(520)448-1017
3,d5GQ8wQRaF,Gregory,Ortiz,5/19/1975,3418 Sycamore Trail,Redwood City,California,94064,1-(650)693-8310,gortiz2@ask.com,736-25-6405,0,1-(650)693-8311
4,rFZ2zo,Lawrence,Carpenter,2/18/1964,8 Bayside Crossing,Miami,FL,33185,1-(305)194-9426,lcarpenter3@virginia.edu,274-35-0995,1,1-(305)194-9426
5,fh6g7Ri0d,Wayne,Fields,4/5/1969,57471 3rd Place,Seattle,Washington,98104,1-(206)313-4478,wfields4@cocolog-nifty.com,425-78-0031,1,1-(206)313-4479
6,0hdQgff,Douglas,Holmes,4/28/1943,47649 Farwell Avenue,Kansas City,Kansas,66105,1-(913)360-2330,dholmes5@guardian.co.uk,266-11-1297,0,1-(913)360-2330
7,LZatDrZ,Eugene,Ramirez,12/18/1988,1740 Chive Center,Topeka,Kansas,66622,1-(785)951-3471,eramirez6@com.com,563-13-8493,1,1-(785)951-3472
8,zP0pyJ,Richard,Holmes,6/19/1986,95482 Northfield Street,Valley Forge,Pennsylvania,19495,1-(484)712-2633,rholmes7@amazon.de,700-47-2512,0,1-(484)712-2634
9,G_Lucas,Gloria,Morrison,10/9/1977,5624 Boss Street,Birmingham,AL,32559,1-(303)-565-1425,G_Morrison@Email.com,779-52-1456,1,1-(303)-565-1425
10,iGJND1Fd,Joe,Parker,12/23/1979,6 Fallview Lane,Inglewood,California,90398,1-(310)243-2026,jparker9@blog.com,891-22-6944,1,1-(310)243-2028
13,Bob_Smith,Bob,Smith,6/4/1984,1531 Mayweather Drive,Tuscon,Arizona,16531,1-(814)683-3003,BobSmith@Bobsmith.com,999-99-9999,1,1-(814)683-4123
14,George_UNF_Test,George,Mitchell,10/9/1972,100 Hopper Drive,Orlando,FL,32808,1-(904)-999-9999,George@msn.com,102-87-9911,1,1-(904)-999-9999
16,Durbin_Thomas,Thomas,Durbin,10/19/1964,5622 Broad Steet,Columbus,OH,43215,1-(999)-234-9338,TD@email.com,456-23-9634,0,1-(999)-234-9338
,,,,,,,,,,,,,
,*Remove column names after getting all data,,,,,,,,,,,,
